Country,GDPPerCapita
Afghanistan,550.0684588
Botswana,7595.611141
Canada,45032.11991
Chad,662.5001146
"Congo, Dem. Rep.",
Equatorial Guinea,9697.630234
Estonia,19704.65504
Kuwait,29040.36371
Montenegro,7782.83979
Peru,6571.928645
Somalia,
Sweden,53442.00828
Switzerland,80189.69686
Syria,
Tanzania,936.330768
United States of America,59531.66196
Uruguay,16245.59837
Zambia,1513.276316
